{"cameraMode":{"drawMode":0,"name":"Shaded","section":"Shading Mode"},"sceneLighting":false,"audioPlay":false,"sceneViewState":{"m_AlwaysRefresh":false,"showFog":true,"showSkybox":false,"showFlares":true,"showImageEffects":true,"showParticleSystems":true,"showVisualEffectGraphs":true,"m_FxEnabled":true},"in2DMode":false,"pivot":{"x":0.0076045989990234379,"y":1.3999227285385132,"z":5.537591934204102},"rotation":{"x":0.17890839278697968,"y":-0.5747777223587036,"z":0.12252745032310486,"w":0.7896515727043152},"size":1.8371148109436036,"orthographic":false}